Id,ORGANIZATION,NAME,GENDER,SPECIALITY,ADDRESS,CITY,STATE,ZIP,LAT,LON,ENCOUNTERS,PROCEDURES
ad6d01fa-e13b-3618-ad9a-d98e06876b63,74ab949d-17ac-3309-83a0-13b4405c66aa,Gabriel934 Reilly981,F,GENERAL PRACTICE,881 Main Street,Fitchburg,MA,01420,42.586487,-71.80521,1910,0
d2820693-3007-3b03-9c5e-51c7ce421efe,588f6ce6-b8db-3588-8189-29db2680a313,Terence292 Brakus656,M,GENERAL PRACTICE,461 WALNUT AVE,JAMAICA PLAIN,MA,021302331,42.311587599999996,-71.09800136347226,58,0
8d695030-a30d-3ab5-bf60-7833bf4a7721,17a4bae5-8b64-34d7-8144-b428be027bd0,Lindsay928 Ward668,M,GENERAL PRACTICE,512 MAIN STREET  SUITE 211,SHREWSBURY,MA,015456406,42.295109499999995,-71.71808471110307,3,0
a9e16e16-af7c-3a3f-b91d-ddc8cbac32c4,e09d4c49-c2ef-3b0f-9a46-3719d9219306,Jules135 Emard19,M,GENERAL PRACTICE,60 HOSPITAL RD,LEOMINSTER,MA,014533290,42.54031915,-71.76312990486304,146,0
27ff7364-da10-3ac2-87ee-6f27c48f5eb2,e76b5eb0-0c9d-3593-b5da-3c0e9a97bb96,Gisele901 Lehner980,F,GENERAL PRACTICE,1400 VFW Parkway,West Roxbury,MA,02132,42.2793,-71.1657,73,0
ec3f354a-db83-3a40-a3b8-829d0c8e15af,c241b977-4131-32e4-9957-e0a00b2a1e5f,Brittanie254 Krajcik437,F,GENERAL PRACTICE,94 MAIN STREET,HYANNIS,MA,026013146,41.6562802,-70.27448000204822,101,0
e4ab4964-618c-3c30-ac21-3f1eb867c07b,77645e49-3f69-3d1d-bb93-dc65210e2fac,Vella930 Ankunding277,F,GENERAL PRACTICE,363 HIGHLAND AVE,FALL RIVER,MA,027205246,41.7093779,-71.1460783680883,21,0
0b23cca9-200f-3fd4-b4f1-c8f34dd54db6,d2284f74-b6da-3a15-9791-84cdf2db18fb,Fernande593 Mosciski958,F,GENERAL PRACTICE,331 E FALMOUTH HWY,E FALMOUTH,MA,025366039,41.57853245,-70.5617374807812,81,0
03b6b9c8-eda1-33a5-876d-0f333cb21246,03d0392a-7361-32b3-81c9-8c8ac985be00,Sid118 Daniel959,M,GENERAL PRACTICE,280 WASHINGTON ST STE 204,BROOKLINE,MA,024451922,42.33302785,-71.1193506756953,61,0
b53d9e05-e616-36b5-8419-8fab79481597,3cd7d7ea-0053-36bf-b8a6-c5a2bd4f588a,Nieves278 Johnston597,F,GENERAL PRACTICE,180 LOW ST,NEWBURYPORT,MA,019503519,42.815683050000004,-70.89666045994463,27,0
2c9ef468-3388-3dd1-a1bb-9a21242c4443,2936ca90-6594-357d-be14-53fe0ab84dd1,Avis183 Ankunding277,F,GENERAL PRACTICE,11 TREMONT ST,KINGSTON,MA,023641231,42.00823215,-70.72984043580247,43,0
19034f12-d14c-3c12-b42f-c5d57e156063,ab701a70-a658-340e-8f69-ee196a7d40c6,Bud153 Parisian75,M,GENERAL PRACTICE,484 RTE 134,WORCESTER,MA,016071728,42.2625621,-71.8018877,424,0
ff653444-99de-349e-acbd-27018ba0b277,11ba6a26-59b4-3728-a268-6dc9929962b4,Angelic427 McCullough561,F,GENERAL PRACTICE,200 GOVERNORS AVENUE,MEDFORD,MA,021551644,42.42711615,-71.1121606632448,3,0
dc99eb7f-662c-3f3f-bee1-ee70da9823fa,f736c0f5-6d39-3e26-8ac1-39e1fc60dfbe,Huong243 Jakubowski832,F,GENERAL PRACTICE,11 QUARRY HILL ROAD,LEE,MA,012389645,42.2816564,-73.25307843923315,36,0
60225708-b70d-3ecb-b3cc-8713c7855ba4,8a2e2731-3240-39d1-b4f0-cad14200937d,Carter549 Ritchie586,M,GENERAL PRACTICE,88 WASHINGTON ST,TAUNTON,MA,027802465,41.9062805,-71.09518121351795,52,0
563dd6d2-c51b-3309-ba91-420bd896e3b5,dcbd0460-9bcf-3e7d-a923-1d22bcc5a9bd,Troy560 Dooley940,F,GENERAL PRACTICE,279 DALTON AVENUE  SUITE B,PITTSFIELD,MA,012013500,42.4606344,-73.22185917597403,8,0
a144d48c-b60d-3fb5-8385-8f35a3b8d88d,88e28a1c-aad9-36d0-832b-b579ecb95c3d,Anthony633 Toy286,M,GENERAL PRACTICE,14 MANNING AVENUE,LEOMINSTER,MA,014535768,42.5253035,-71.7584413,326,0
0eefc6f8-9d52-38cf-9bfb-cd0fe0d7e14f,4cf79e95-2815-3a4c-a3b8-951fe548dd27,Jasper743 Champlin946,M,GENERAL PRACTICE,20 ELM ST,PITTSFIELD,MA,012016502,42.4458896,-73.2448206979669,361,0
5067f725-5031-3b85-aed6-eec9415b6fc1,52ecddd8-42f6-35cc-88a5-cf474c02fb49,Cecil300 Fahey393,M,GENERAL PRACTICE,94 OBERY STREET,PLYMOUTH,MA,023602130,41.93725,-70.65503160208334,12,0
5c9d2838-edec-3958-af0b-75a22d9059d6,05bcaa3e-aa5d-3b03-ba26-7e4d2e083681,Bok974 Howe413,F,GENERAL PRACTICE,1 LOVE LN,SOUTH DENNIS,MA,026603445,41.699084799999994,-70.13271830347861,1,0
dbf59f47-cc27-3096-838a-6c81b442e4fa,2b376b69-72ac-3d68-aceb-018e82b8fc8f,Lucas404 Klocko335,M,GENERAL PRACTICE,113 CENTRAL AVE,HYDE PARK,MA,021363021,42.26077065,-71.1187885119897,1,0
d335aa25-4dc2-39e2-8108-54dfed7abd1a,3f4167a5-1477-35da-a456-fc05c8858aa7,Ouida808 Bednar518,F,GENERAL PRACTICE,244 MAIN STREET ANNEX,WORCESTER,MA,016023339,42.2625621,-71.8018877,73,0
36585223-8623-31d5-bcd5-4b67b2151a7c,fe675917-7b09-3afd-a6e6-128cc4de4734,Chery887 Kohler843,F,GENERAL PRACTICE,319A ALLSTON STREET,BRIGHTON,MA,021357652,42.345093,-71.139804,3,0
88ea525c-ba5f-3892-953c-995cef24322a,bdc3ee76-9cf3-316d-b202-a8da1ea3fa20,Harland508 Rippin620,M,GENERAL PRACTICE,130 RUMFORD AVENUE  SUITE 211,AUBURNDALE,MA,024661370,42.35853505,-71.24125521214887,3,0
a09f3e9d-1cb3-3c59-bfa0-c375032fc0ef,8447e2c7-df8d-3e1f-9d88-b67dcca2bcb6,Tristan353 Baumbach677,M,GENERAL PRACTICE,22 HILLSIDE AVE,GROTON,MA,014501284,42.61232115,-71.5798529093222,3,0
73b1d9c1-5bbe-3961-aea3-45e193be477b,5d4da50c-8593-304f-b266-57d8f7d634a2,Hugh686 Klein929,M,GENERAL PRACTICE,250 SHEARER ST,PALMER,MA,010691428,42.168634600000004,-72.33353526811578,1,0
d74366ba-5757-3312-8a19-c4906ca59dcd,fa09396a-2926-3b21-ad0c-9f6cabbce0eb,Brigitte394 Bartoletti50,F,GENERAL PRACTICE,1210 BOSTON PROVIDENCE TPKE,NORWOOD,MA,020625061,42.1714075,-71.1951186,1,0
103cb930-f811-352b-ba8e-f6ade9576488,1ddd51d1-7297-3c3b-bad5-98aecd5e4a79,Derrick232 Kub800,M,GENERAL PRACTICE,127 CAMBRIDGE STREET  SUTIE #2B,BURLINGTON,MA,018033735,42.50188325,-71.19559351572005,6,0
1091c8a5-239f-3911-bcc9-2402e51856f6,93c3d861-e05d-33b9-91eb-1768470229d7,Phoebe31 Thiel172,F,GENERAL PRACTICE,10 CENTENNIAL DR,PEABODY,MA,019607938,42.5261827,-70.9529896,44,0
aa034b6a-2eb7-3bcc-b7dc-f40ae526a66c,c272e12f-e154-3fee-b05d-b7c0cab2657d,Shasta644 King743,F,GENERAL PRACTICE,800 WASHINGTON ST,NORWOOD,MA,020623487,42.1886973,-71.2005241,89,0
882d2336-002f-3572-898c-abb790a97a61,b99b7849-2b53-33fb-8ce2-e3a95f17ae51,Bee658 Pouros728,F,GENERAL PRACTICE,910 BOSTON POST ROAD SUITE 320,MARLBOROUGH,MA,017523761,42.355106,-71.47654,6,0
2e939901-4043-342a-99c3-a8fd9e76a6d4,32fcdfba-8c93-30f4-b15b-dd3b65c29deb,Jody426 Bernhard322,M,GENERAL PRACTICE,20 NORTH MAPLE STREET,HADLEY,MA,010359715,42.3615107,-72.55261320852942,4,0
fb33e0f4-6729-3e99-a118-ca214604347f,0ddb0329-b59d-3187-874c-602c649249c8,Lynn917 Cassin499,F,GENERAL PRACTICE,115 W SILVER ST,WESTFIELD,MA,010853678,42.1178811,-72.75935246865802,4,0
a67d6565-01d6-38a6-a3d4-79e1e6ba486f,1e3ca321-fbbb-3546-b9ea-c3761a20324a,Noe500 Howe413,M,GENERAL PRACTICE,605 Lincoln Street,Worcester,MA,01605,42.297756,-71.766815,616,0
35aaa3ae-9739-3802-a813-7a02c46e729c,02c936e2-3aee-38b2-88a4-81f3689b7bb7,Royce974 Kohler843,F,GENERAL PRACTICE,120 FISHER AVENUE,BOSTON,MA,021203320,42.3276141,-71.1051603,5,0
ffbf6361-7ae0-31ba-bcc6-fc1d74ffc4d7,609ec9f1-e806-3427-b912-9e3b2915521d,Terence292 Conn188,M,GENERAL PRACTICE,575 BEECH STREET,HOLYOKE,MA,010406604,42.20105435,-72.628169560868,2,0
e8e41aec-24a1-39fa-afdd-560fa3071ab8,5fa5e611-be3d-3ebb-8f71-124325f6005f,Isiah14 Nikolaus26,M,GENERAL PRACTICE,480 ROUTE 6A,EAST SANDWICH,MA,025371438,41.742172,-70.45251,53,0
2efdb2bb-29ff-374d-a0f2-094ba421df49,bf556284-7513-3620-a10e-5393183a9a87,Tabatha105 Roob72,F,GENERAL PRACTICE,795 MIDDLE ST,FALL RIVER,MA,027211733,41.6924092,-71.16345107025307,7,0
4afe1fa1-cce2-321f-9ed7-f1bb26118cea,7b9a19b2-d900-3f93-a47b-4b88491fb57b,Tommy814 Witting912,F,GENERAL PRACTICE,308 KINGSTOWN WAY,DUXBURY,MA,023324647,42.030389650000004,-70.73959947632582,1,0
5166a3ee-1012-3bba-8d54-897bdb6d6dc4,a14e698d-a9ba-3eae-9c8b-682ec726433d,Karla801 Cummerata161,F,GENERAL PRACTICE,776 WESTERN AVE,LYNN,MA,019052408,42.466763,-70.9494939,27,0
f0d1a4a4-6bf5-32fd-9aa7-9098d0a5f8e3,69eae27b-7445-3652-bd34-b535abe0b011,Hong136 Schneider199,F,GENERAL PRACTICE,9 BICKNELL ST,QUINCY,MA,021696003,42.252227399999995,-70.96584679278924,34,0
11f61c61-d437-37f7-a03c-023c4ec475d9,5ba6765a-f335-36b0-9c6a-6bb494c5330d,Clemente531 Schamberger479,M,GENERAL PRACTICE,31 OLD ROUTE 7,WESTWOOD,MA,020902333,42.2139873,-71.2244987,11,0
e3de05bb-8aa1-34b2-bcf3-ae8f9d453ad9,ed5fc1f7-0ecb-3973-a5fc-89f80c6f5c9f,Maxine796 Homenick806,F,GENERAL PRACTICE,303 C HAVERHILL STREET,ROWLEY,MA,019692101,42.704962,-70.90837,36,0
bf52a247-e1f3-30c0-94f5-d2b02d1d76ab,fda7be6a-eb66-3137-8281-de54c49f3902,Carmen818 Kautzer186,M,GENERAL PRACTICE,330 SW CUTOFF,WORCESTER,MA,016042730,42.2247699,-71.76727672496281,40,0
602ebed0-9b70-38e1-b223-95c1d4f68d70,12dc66ee-e2c7-3d5a-892e-157ff1d47f32,Venice604 Rogahn59,F,GENERAL PRACTICE,242 GREEN ST,WINCHENDON,MA,014751820,42.68061,-72.060691,132,0
5305896f-2370-3dbf-9d86-e6ff44f6bda6,d613e441-68e8-3502-8adb-3f770a1276bf,Emmaline88 Witting912,F,GENERAL PRACTICE,114 WATER ST,MILFORD,MA,017573007,42.13661855,-71.53474614336832,42,0
366a5de5-477b-3f15-b2fd-002f1aaa6270,b03b624d-c939-3688-986d-9555b8009a3b,Trinity427 Hartmann983,F,GENERAL PRACTICE,230 MAPLE ST,HOLYOKE,MA,010405144,42.207406,-72.608419,18,0
814722d0-ae6f-36b4-806f-60985fb45af1,ea153d0a-9ccc-3769-9a25-934b417071b7,Tashina114 Towne435,F,GENERAL PRACTICE,463 WORCESTER RD,FRAMINGHAM,MA,017015354,42.3095704,-71.4413097,30,0
694963f9-31f4-32d6-9914-5768383f06db,18061fd5-fda8-3e2d-87f0-0f3c87211bcc,Margarite168 Koepp521,F,GENERAL PRACTICE,1493 CAMBRIDGE ST,SOMERVILLE,MA,021431408,42.3875968,-71.0994968,74,0
7f34d324-1d41-36b6-811f-6060ffa5f012,76281d34-caff-30e0-8545-bcdf33182109,Jewell855 Schmeler639,M,GENERAL PRACTICE,500 WILBUR AVENUE,SOMERSET,MA,027252051,41.72075205,-71.16843052114558,3,0
31707468-f001-33aa-9ff1-4a156c3740b7,06f1d816-dd54-3409-bd94-8dc2745f807c,Yulanda554 Hand679,F,GENERAL PRACTICE,12 KENT WAY  SUITE 210,BYFIELD,MA,019221221,42.75468625,-70.9451078257969,7,0
974be246-fd0c-3331-b16f-a7afa16218b5,acffdfa8-1383-3929-8c99-e73969491439,Warren653 O'Keefe54,M,GENERAL PRACTICE,1153 CENTRE ST,BOSTON,MA,021303446,42.3017598,-71.12855793387442,12,0
201986a5-88e7-3547-836b-920a0d65dbce,43e33b67-64ac-3314-99ee-114fb2b56b80,Vera718 Cummerata161,F,GENERAL PRACTICE,200 HILLSIDE CIRCLE  SUITE 2,WEST SPRINGFIELD,MA,010894681,42.105237,-72.6213712,8,0
9b38b1e4-5fb1-38c1-a6dd-719a9f644186,1e11392b-1278-3e70-93cd-f396cbd0c265,Gerry91 Block661,F,GENERAL PRACTICE,115 LINCOLN ST,NATICK,MA,017607700,42.2843753,-71.3441395,657,0
4ae0a0b8-cad9-396c-9561-5d7fadd52dc3,fe30f2b4-9bc8-346e-afba-4455d1766545,Wilson960 Turner526,M,GENERAL PRACTICE,17 LAFAYETTE AVENUE,CHELSEA,MA,021502010,42.40019115,-71.03050082480353,49,0
aea1a8e2-ceac-3864-976e-d4728104a940,6cf8a214-8d57-3267-85e5-7719e15cd63e,Michel472 Zulauf375,M,GENERAL PRACTICE,170 MORTON STREET,JAMAICA PLAIN,MA,021303735,42.299067750000006,-71.10124351911541,61,0
58134860-9358-3ccd-9f6b-1003f65f6bd2,13161e5b-02d2-3d19-8b48-26ef0becfc83,Janet238 Crooks415,F,GENERAL PRACTICE,165 CAPTAIN'S ROW,CHELSEA,MA,021504019,42.3917638,-71.0328284,2,0
a0af1683-c272-364a-ab7c-d83d007e33c0,4bc0cc09-77e5-37f5-844d-64a6637cae54,Carlena776 Feil794,F,GENERAL PRACTICE,91 EAST MOUNTAIN ROAD,WESTFIELD,MA,010851801,42.110743549999995,-72.70066160206358,98,0
052cbc1a-4ade-30c6-afeb-d3c1c66b0b64,0fedae9f-701f-3317-9b2f-69aea2202cdc,Sharron285 Batz141,F,GENERAL PRACTICE,88 EAST NEWTON STREET,WINTHROP,MA,021522715,42.3750976,-70.982827,235,0
058cc6fc-0770-3a6a-b857-e222d3649992,86bbc3aa-e927-3d56-9d77-ab701b4b2926,Tynisha348 Howe413,F,GENERAL PRACTICE,538 ROBESON STREET,FALL RIVER,MA,027205496,41.707225,-71.1432141111111,8,0
a8992261-1150-36a9-857a-4f20f1ca3898,9ab139f5-d278-31b4-b44e-feffdea65613,Dexter530 White193,M,GENERAL PRACTICE,88 ROUTE 6A 101,SANDWICH,MA,025631866,41.764922,-70.502215,6,0
3b22fe84-5561-3844-a64a-75969847e6c0,a3327df4-d092-350b-b551-e60c82076c9a,Debra128 Predovic534,F,GENERAL PRACTICE,46 NORTH MAIN ST,W BROOKFIELD,MA,015853232,42.23754835,-72.13791547215251,12,0
c63cf988-52ca-3433-af88-fe6085ca8ddf,aade280a-3b90-3e48-9648-91109a964a63,Johna806 Klein929,F,GENERAL PRACTICE,909 SUMNER ST,DARTMOUTH,MA,027473826,41.6332267,-70.9879928,184,0
26b622fd-3bab-3613-a90a-d98aaced1052,981338c4-287c-3621-bc45-8b0b9f1b8922,Cari853 Kohler843,F,GENERAL PRACTICE,640 BOLTON ST,MARLBOROUGH,MA,017523999,42.3658183,-71.55914630258509,55,0
1dae76fc-a3f0-3578-af0b-ddd90c7a7b34,96e9e829-0b71-3ad3-8b41-60e25b5d47d7,Doyle959 Crooks415,M,GENERAL PRACTICE,111 ORIENT AVE,EAST BOSTON,MA,021281006,42.39055278090538,-71.00587148689957,2,0
8a04c25d-60f8-3482-b965-2d00420d44f5,e59fb2d5-508c-38c6-af2e-21d8216dd2b0,Nicholle822 Fisher429,F,GENERAL PRACTICE,759 CHESTNUT ST,WARE,MA,010821625,42.256476,-72.237482,83,0
d9ecbcb0-010f-3ddc-b613-edca9181fb8f,7a3b8310-02eb-3c47-aa1b-3f55b3ed9de9,Lauretta754 Dare640,F,GENERAL PRACTICE,6 HATFIELD ST,NORTHAMPTON,MA,010602545,42.333172950000005,-72.6566355591273,1,0
fd111cc5-4f48-3605-b392-3e42c5fc6564,ecadbc11-930c-3903-b706-f8ef4bc9089e,Marco Antonio298 Terrazas956,M,GENERAL PRACTICE,780 CHESTNUT ST,SPRINGFIELD,MA,011031109,42.1211633,-72.60614164702717,57,0
1486c73b-7066-3942-befc-3ebb1639ef04,980d9bfa-a344-3bff-8c02-232dd0e8fd34,Pearlie554 Lakin515,F,GENERAL PRACTICE,100 TRADE CENTER SUITE G-700,WOBURN,MA,018011851,42.4792618,-71.1522766,39,0
70a1b134-c56c-3b9a-bf19-30b336d01211,794b1cc2-97be-30a4-83a0-4bf6add43c74,Mercedes82 Gurule738,F,GENERAL PRACTICE,215 THATCHER STREET,BROCKTON,MA,023023949,42.0740963,-70.99660306096918,12,0
66e74ec2-78c7-335a-b584-f709ed0a9e52,440fa4b8-c731-3cf5-81d9-aa3f30a37b95,Joanna347 Abbott774,F,GENERAL PRACTICE,41 & 45 MALL ROAD,PEABODY,MA,019602901,42.5278731,-70.9286609,62,0
b2ee8935-f94c-3a9f-9e97-45d73c932931,0fab3c4e-a028-39a6-b15a-be5a88b6aa2a,Cletus494 Paucek755,M,GENERAL PRACTICE,222 STATE STREET,LUDLOW,MA,010563437,42.15547415,-72.47222226666076,86,0
bd5f427f-081e-370c-b658-c31659348c39,b0016371-afcb-37a6-8f90-5e3786e7806f,Claudio955 Toy286,M,GENERAL PRACTICE,629 SALISBURY ST,WORCESTER,MA,016091120,42.2932691,-71.8390048,3,0
d2abf9c5-1c32-378d-9e7e-d15327eb226f,3b021cb6-4745-3d9d-8436-230055f770bd,Lola232 Collado928,F,GENERAL PRACTICE,148 CHESTNUT ST,NEEDHAM,MA,024943238,42.27728075,-71.23665362814043,9,0
6d8dc4db-6759-3571-bff5-3293055e8489,34f0b10a-5e29-31de-a75e-e0bb03c0c0d4,Dierdre747 Leuschke194,F,GENERAL PRACTICE,56 COLPITTS RD,WESTON,MA,024931568,42.36610065,-71.3036759,63,0
98d16e36-051a-3f99-9cdd-7e75a1eab992,929d7ec5-3ee7-35ab-a056-91f60788c234,Xuan162 Feest103,F,GENERAL PRACTICE,474 PLEASANT ST,NORWOOD,MA,020624531,42.1816837,-71.19722229999999,28,0
1b64989d-c4f8-3f59-a4b6-cf68a87a14d0,57e4e5fa-d68d-3caa-a5ad-37beb1b51207,Latrina689 White193,F,GENERAL PRACTICE,800 WASHINGTON ST,NORWOOD,MA,020623487,42.1886973,-71.2005241,5,0
1998f2da-1161-3c86-b6e7-5d303c9530f2,2befa435-3070-3350-a15c-e43ac1e84b24,Teressa589 Schuster709,F,GENERAL PRACTICE,575 BEECH STREET,HOLYOKE,MA,010406604,42.20105435,-72.628169560868,51,0
4bbb9f11-5417-3f3d-903e-0bade489fd34,ad82d624-72eb-3c7d-a76d-79f2668d1390,Georgianne697 Howe413,F,GENERAL PRACTICE,3 WOODLAND RD,STONEHAM,MA,021801711,42.452443099999996,-71.08939988105112,36,0
68d15b28-79d8-3684-858f-7331e05daab1,b8421363-9807-3b16-a146-95336eea5cfb,Saundra460 Kuphal363,F,GENERAL PRACTICE,30 LOCUST ST,NORTHAMPTON,MA,010602052,42.33032115,-72.65330802608176,42,0
0cd35980-5f52-3a3f-8f71-760db8d17f19,3498e7d3-90fd-366b-bc6a-6f41dad6bae6,Pat3 Bradtke547,M,GENERAL PRACTICE,112 WEST MAIN STREET,NORTHBOROUGH,MA,015321824,42.318559050000005,-71.65097281611972,2,0
261033c8-4552-3166-b14e-9178de9236dd,fbd4ccdf-2fdb-3652-9bbe-1ccff886bd34,Jermaine675 Collins926,M,GENERAL PRACTICE,320 CENTRAL STREET  UNIT A2,SAUGUS,MA,019062372,42.4632069,-71.0093761,6,0
c508fc51-9e0e-3d40-9acd-428e893c4ba4,65f0254a-73a3-3b06-bced-54d511445535,Elbert916 Carter549,M,GENERAL PRACTICE,720 BOSTON POST ROAD,MARLBOROUGH,MA,017523766,42.355106,-71.47654,2,0
881fc773-c634-3201-ab58-444dca79e67b,901c2d40-1ca3-3879-9a20-c663b8adc0a9,Emory494 Schuster709,M,GENERAL PRACTICE,800 WASHINGTON STREET,STONEHAM,MA,021802445,42.4863168,-71.0928919,193,0
c5cc5e6a-710a-37fc-9444-ca56fb3b8403,6170552c-4d27-3e64-8068-64a380f1837d,Jackelyn13 Pacocha935,F,GENERAL PRACTICE,76 SUMMER ST,HAVERHILL,MA,018305814,42.7786873,-71.07306505177553,10,0
b45f48d1-e14d-3b42-be47-e6fdf4662f43,e6cc6043-299a-3581-8f6b-b3b5d62c46ae,Fritz267 Farrell962,M,GENERAL PRACTICE,532 SUMNER AVE,SPRINGFIELD,MA,011082458,42.08631583333334,-72.55792579166666,28,0
7219cd31-9351-3ecc-91e5-fef670d5f225,22249c0a-8ce9-3726-a3bb-b037c773ce5c,Thaddeus38 Sauer652,M,GENERAL PRACTICE,337 NEPONSET AVENUE,DORCHESTER,MA,021223103,42.2875144,-71.0470691675753,15,0
7afd8267-fd6e-334d-a85f-f69184fb8afa,38508743-50d1-3429-8fe2-37e42ddaf20e,Marth98 Mayer370,F,GENERAL PRACTICE,164 HIGH ST,GREENFIELD,MA,013012778,42.595268700000005,-72.59288632376354,135,0
1276759e-2316-3630-9463-e05b81b5bce0,e1818b21-4458-3b9c-b2b8-7ed6f57ae078,Tamisha203 Wilderman619,F,GENERAL PRACTICE,2399 BOSTON ROAD,WILBRAHAM,MA,010951185,42.14668485,-72.45048427046072,17,0
a62bbd99-3f7c-382a-a789-85da31f8832e,328f813e-4de8-3ec2-a113-43f3ddfb0b2a,Eldridge510 Roob72,M,GENERAL PRACTICE,30-40 WESTPARK STREET,BROCKTON,MA,023015241,42.0834335,-71.0183787,68,0
f5042185-6e38-32f6-aa13-48e2966e9c21,dd3307db-114c-3f11-be44-a9eef6bb3fc5,Evelin941 Ratke343,F,GENERAL PRACTICE,269 UNION STREET,LYNN,MA,019011201,42.4652772,-70.94362420273097,60,0
2734f307-7979-3423-822e-a15a46dc58ce,655f2a4f-419c-39d3-8ed6-6c4117eb7e32,Gerardo48 Herzog843,M,GENERAL PRACTICE,21 MAIN ST,NORTH READING,MA,018641326,42.566971949999996,-71.10799861135133,19,0
6c5df809-7c3d-323c-8b12-15119cc351ea,5018c664-e283-30eb-932a-529d9a19b3b5,Numbers230 Stehr398,M,GENERAL PRACTICE,300 SOUTH ST,WOBURN,MA,018014979,42.473347,-71.144086,53,0
c97aaa44-0ac0-3e00-82de-8195aa68e5e7,d140ed3f-2696-3e78-bd77-1c959ec4fc4d,Orpha286 Marks830,F,GENERAL PRACTICE,863 HATHAWAY ROAD,NEW BEDFORD,MA,027401916,41.6512968,-70.9669902070805,1,0
ca8cf153-cda7-3abc-9214-acbf6971ebd5,1cff30ba-b91f-3ea2-b80b-770d67856358,Duncan491 Halvorson124,M,GENERAL PRACTICE,359 JONES RD,FALMOUTH,MA,025403341,41.5591273,-70.60352436630029,8,0
87f88447-2dbd-3237-a915-b292e10fa02c,d4e48a16-0a60-3e90-81e5-c35b22ffe6af,Bertram873 Kutch271,M,GENERAL PRACTICE,856 STATE RD,NORTH ADAMS,MA,012473027,42.69967208677275,-73.16330754755236,58,0
1c394a2c-1463-387d-8a8b-06215256ac53,4ff8b164-4cf5-3ab4-b0f2-7ce8fda920e5,Latrisha74 Mante251,F,GENERAL PRACTICE,800 WASHINGTON ST,WORCESTER,MA,016550002,42.180483,-71.867782,32,0
ac1e7e47-5e31-3d06-b645-0a55d5c460e3,bccd7d67-203c-3d93-b6b0-bff5a146cd1d,Paulene52 Kihn564,F,GENERAL PRACTICE,286 WASHINGTON ST,STOUGHTON,MA,020721763,42.1384306,-71.1022598,16,0
28b4f818-ec3d-3816-a972-259b6cb89f61,32741060-a632-36de-907b-3c21caacf07a,Eliana466 Wehner319,F,GENERAL PRACTICE,455 BRAYTON AVE,SOMERSET,MA,027262642,41.7294555,-71.16190171707717,1,0
8f7e3e32-1f50-3aba-a211-529e7461228f,4e880cb9-1ca0-3582-b8cf-8a59b0d2b878,Haywood675 Bednar518,M,GENERAL PRACTICE,51 S CHURCH ST,PITTSFIELD,MA,012016178,42.44648205,-73.25863241543368,47,0
689eeda6-babb-3be7-8d3c-6c47e506a7cc,a2a41caf-758f-3962-8e5f-e6e603f93d17,Rhett759 Padberg411,M,GENERAL PRACTICE,111 HUNTOON MEMORIAL HWY,ROCHDALE,MA,015421305,42.2020225,-71.89891616754682,74,0
7f38f402-bdad-3d2e-83f0-4a6cab213392,db28cc9a-fdfb-35a6-aef7-ab9b933ef244,Clement78 Gleason633,M,GENERAL PRACTICE,8 DANA STREET,CAMBRIDGE,MA,021385402,42.3694992,-71.11011030010101,6,0
d7a8e51d-dfed-3678-8c7a-7f55fa71dde5,19a65317-5d32-355e-8f82-88933d48366d,Wes853 King743,M,GENERAL PRACTICE,5 PRECINCT ST,LAKEVILLE,MA,023471468,41.8455651,-70.95195924208448,34,0
244200d7-adb1-37c1-bd56-019eba654ae5,5117bb89-3a9f-3740-a0f1-c3a1a8d7851e,Rashad361 Predovic534,M,GENERAL PRACTICE,20 ELM ST,PITTSFIELD,MA,012016502,42.4458896,-73.2448206979669,43,0
2bf4be40-995c-38fb-8643-b150bbf3816d,9d0e702d-50a0-3f4c-9126-0951d560fd4b,Otha286 Roberts511,M,GENERAL PRACTICE,189 MAY ST,WORCESTER,MA,016024339,42.25986305,-71.83597786023279,158,0
1b7d9ea1-d44d-3e94-89af-7f8daa18b265,c656d426-a307-372e-85f4-add29b4f178b,Micheal721 Larkin917,F,GENERAL PRACTICE,174 ARMISTICE BLVD STE A,FALL RIVER,MA,027212367,41.7010642,-71.1546367,24,0
bd0d71d1-3547-3c5e-821c-f59cfc7fee76,c7542447-e06e-32cb-b6db-243c23a0dbc2,Carson894 Krajcik437,M,GENERAL PRACTICE,30 WARREN ST,BOSTON,MA,021353602,42.3501483,-71.14393324457691,105,0
67b08a2a-5e04-398e-ad37-9bad03180956,d9fe2c9c-135e-3da3-8de8-1a0ff165d886,Laura391 Cuellar188,F,GENERAL PRACTICE,1430 MAIN ST,WORCESTER,MA,016091121,42.2492003,-71.92931780325071,19,0
9eeb5356-80b8-3578-b9d7-4cb01b5ef90c,8bf5325a-c11b-35c4-b07d-17a5aeba8353,Rueben647 Okuneva707,M,GENERAL PRACTICE,815 WORCESTER STREET,SPRINGFIELD,MA,011511001,42.1018764,-72.5886727,17,0
172602b3-d69b-377f-a498-98b4265fd996,46375470-1e20-3ddc-8dc5-010ba53826b6,Clara183 Reynolds644,F,GENERAL PRACTICE,40 WRIGHT ST,PALMER,MA,010691138,42.16934095,-72.34120457065711,122,0
5560254d-6089-3979-af65-d9e53007e114,aba3e6f6-4562-342e-b90f-dd61b117f394,Norbert530 White193,M,GENERAL PRACTICE,438 CHESTNUT STREET,SPRINGFIELD,MA,011072008,42.11291091861002,-72.59692685125127,39,0
7973e3e1-9b69-3876-9ce1-040b4eb9cafb,a4b91172-69e7-3895-bd89-b9a0868de5c2,Salvador46 Wolff180,M,GENERAL PRACTICE,651 ORCHARD ST,NEW BEDFORD,MA,027441052,41.6149879,-70.93113851963673,35,0
f10cc313-4b17-328a-9e21-97cb49c23c7e,47fb5a56-bee5-3ecd-9958-706b20831c82,Ezra452 Torp761,M,GENERAL PRACTICE,600 CUMMINGS CENTER  SUITE 270X,WOBURN,MA,018016356,42.4792618,-71.1522766,3,0
c162117d-83a6-3675-a9f3-538f1d900de5,6f90eaad-abe3-3ce0-b9a6-2031c5674f0d,Gordon377 Wuckert783,M,GENERAL PRACTICE,800 TURNPIKE ST STE 300,NORTH ANDOVER,MA,018456156,42.66074825,-71.10724143845708,66,0
f3b8c888-f299-35a1-8810-a8e27c4a135f,52476935-b9e6-3dbc-a44d-47db68ee9977,Katrice671 Daugherty69,F,GENERAL PRACTICE,56 LIBERTY STREET,DANVERS,MA,019233361,42.563351999999995,-70.9210216494721,1,0
922f7d40-14ef-33fc-81ab-be2c7860d073,f087b01f-da5c-3db6-bb6d-8a3cf3e630c5,Maurice742 Littel644,M,GENERAL PRACTICE,255 PARK AVE,WORCESTER,MA,016091989,42.26491135,-71.8185187,39,0
1902f59f-033b-3561-b9fa-6c3bbb06cd13,a06b1a97-d6ce-3ea1-ba4a-2ef85a8114ab,Wanda961 Goyette777,F,GENERAL PRACTICE,400 GROTON ROAD,AYER,MA,014321171,42.57821195,-71.5733060441645,7,0
d103ec2d-935e-3a89-b85f-57ccdb444115,71455c27-ff31-3c99-a1ac-9773f7bcba96,Lewis216 Walsh511,M,GENERAL PRACTICE,6 MORRILL PL,AMESBURY,MA,019133502,42.84870445,-70.9320636014072,2,0
2b642c62-059f-3c43-88c6-9a9800f2427a,6873525f-1680-3ceb-b536-270d44b46e2e,Raymond398 Nicolas769,M,GENERAL PRACTICE,500 COLUMBIA RD,DORCHESTER,MA,021252322,42.3147979,-71.067633,28,0
10d30b24-622a-3841-a766-c0e3fc1495ab,9fbf3c5e-5f22-3b9f-9032-39d6de320874,Delois358 Langosh790,F,GENERAL PRACTICE,150 FLANDERS RD,WESTBOROUGH,MA,015811017,42.2770724,-71.5679154706427,88,0
110f4ecc-7bac-34bb-a15a-da15c7ea3b54,f8918a95-31e8-3ac4-8d12-29ca6080ebda,Rudolf736 Vandervort697,M,GENERAL PRACTICE,199 REEDSDALE RD,MILTON,MA,021863926,42.251368299999996,-71.0768393856917,277,0
afa03815-2913-3498-9673-bd9662675dfe,8d5880eb-1dd8-31ea-b7c5-21709f3bb341,Irene779 Collado928,F,GENERAL PRACTICE,50 ROWE ST,MELROSE,MA,021763201,42.4592093,-71.06078096379728,4,0
6507af25-01d7-3ebc-9135-3a7d027d2371,0ec04450-c150-322d-b2c3-1449d672a23c,Yolando662 Huels583,F,GENERAL PRACTICE,110 W SQUANTUM ST,NORTH QUINCY,MA,021712122,42.27259075,-71.03082765,71,0
9769cdf6-9afd-38cf-83b2-1094256fa5fc,3ff0f58b-7a1f-3334-9449-ff15f68b7d86,Crystle668 McCullough561,F,GENERAL PRACTICE,275 SANDWICH ST,PLYMOUTH,MA,023607761,41.94186605,-70.6455366462985,78,0
991953f4-e778-3886-afc3-8390c502cc65,70e3ad4f-b9ff-3f3e-9990-2cd7e23a9d1c,Zane918 Bosco882,M,GENERAL PRACTICE,1238 RIVERDALE ST,WEST SPRINGFIELD,MA,010894675,42.1373438,-72.62624707492338,6,0
68099d47-8bd2-33e5-b7b6-698e4e579c7e,8ddbad9e-b5fc-3895-8a1c-17f32197a865,Teresa94 Marrero674,F,GENERAL PRACTICE,1455 MAIN STREET,CHATHAM,MA,026332083,41.6827332,-69.98755685244114,1,0
6b70638a-c7ba-32e8-9a4d-55a33f75f9ee,9cfdd210-a2ed-34d6-9381-2f5d999011ca,Edith654 Beier427,F,GENERAL PRACTICE,21 HIGHLAND AVE,NEWBURYPORT,MA,019503873,42.814341671166744,-70.88998002772408,77,0
4883c074-cc37-3455-b282-d7318e5495c6,75846b1f-d0ec-3255-9bdd-d09eb0a9dd0d,Paul232 Bartell116,M,GENERAL PRACTICE,575 BEECH ST,HOLYOKE,MA,010402296,42.20105435,-72.628169560868,66,0
4de1a018-208f-3712-a67b-22fe7581d287,a6964d47-8af0-3df2-b99d-d8414eb1cfa3,Adrienne302 Schiller186,F,GENERAL PRACTICE,200 MAY ST,SOUTH ATTLEBORO,MA,027035520,41.924394750000005,-71.36076410900014,31,0
04a0833d-8c77-3215-be8c-0541a9d7b516,004554b4-3068-3938-832d-fa7cbe1cd1fb,Luba688 Littel644,F,GENERAL PRACTICE,25 STONEHAVEN DRIVE,WEYMOUTH,MA,021903951,42.1589443,-70.94970431672323,1,0
73e8bfaa-7b62-3231-ae30-a369db50c511,dae3ee01-f383-366e-9ad6-dc92963064ea,Orville751 Will178,M,GENERAL PRACTICE,1233 MAIN ST,HOLYOKE,MA,010405381,42.16578055,-72.63389634691956,10,0
2748160a-4bd0-3b1e-aa1f-3eddfd22a7cb,a7b047dd-186a-32de-8187-b0853c05aed6,Dustin31 Mayert710,M,GENERAL PRACTICE,180 LOW STREET,NEWBURYPORT,MA,019503519,42.815683050000004,-70.89666045994463,7,0
83402348-7768-336b-bb9a-cb42e1545831,dac75bc1-cbfa-306b-9a0a-88d5edf3638d,Addie421 Ebert178,F,GENERAL PRACTICE,170 COREY ROAD,BRIGHTON,MA,021358244,42.3433093,-71.14003855124017,4,0
31cf242c-57ff-32f6-a347-fe334be41d99,744bdf85-6223-367c-b1ab-e8c8e0a5eb28,Stella203 Hammes673,F,GENERAL PRACTICE,2 REEDSDALE RD,MILTON,MA,021863800,42.258080449999994,-71.08070895097364,41,0
87cf609e-2689-3f20-8aa1-99fba422b56f,089bceb2-0ecb-3650-95e9-e7260248b809,Estella474 Reynolds644,F,GENERAL PRACTICE,50 W MAIN ST,HOPKINTON,MA,017481672,42.22029125,-71.53814854921914,76,0
1785d2dd-dfad-31f7-abc7-a60e335ef62d,63b4f233-fb49-3b1e-a17c-2d572367b131,Jerry654 Baumbach677,M,GENERAL PRACTICE,2222 CENTRE STREET,WEST ROXBURY,MA,021324034,42.27370345,-71.15856364656862,91,0
0c6b02e7-ebfd-3733-b208-13fe4ec710cc,9d283097-e706-3421-8b98-948b1fdadf30,Maryellen651 Jast432,F,GENERAL PRACTICE,42 PROSPECT AVE,WEST SPRINGFIELD,MA,010894510,42.157666846720865,-72.63485704670578,1,0
fc889823-bc25-3479-8622-e34c1463ee5b,9d989fcf-4ad9-3972-ada3-f275d967781e,Cristi782 Miller503,F,GENERAL PRACTICE,100 TER HEUN DR,SANDWICH,MA,025632377,41.7579043,-70.4968152,104,0
b26360d1-56f0-336d-b19e-1eff452ec2b5,92d919ab-8380-3fda-a5f1-838e69b819c1,Jarrett354 Gutmann970,M,GENERAL PRACTICE,300 TRADECENTER STE 4750,WOBURN,MA,018017420,42.4994143,-71.161659,46,0
5a56f9a9-113a-3667-b7eb-307b617376e9,af3871c3-2098-3051-bcb7-8a919e194a16,Stephane228 O'Conner199,F,GENERAL PRACTICE,97 LIBBEY PKWY,WEYMOUTH,MA,021893110,42.19322885,-70.94589987654936,14,0
8b73e036-952d-3aac-8225-851ee5067eb1,a2cc09de-c1e2-3126-8c09-d49f95225281,Cristi782 Leannon79,F,GENERAL PRACTICE,300 LONGWOOD AVE,WALTHAM,MA,024532741,42.3756401,-71.2358004,28,0
fcd731c7-091d-3f6d-95ae-bc4bb1e4ed43,9f2f60a6-87a4-3f45-b753-b63b5b7e9993,Maricruz991 Considine820,F,GENERAL PRACTICE,332 HANOVER STREET,BOSTON,MA,021131901,42.3647421,-71.0536619,83,0
5b822b27-de74-37fe-a6fc-15ac10b5c3fe,0d7ef8ee-4e45-3b40-9f2b-f558dce71574,Douglas31 Kuhlman484,M,GENERAL PRACTICE,200 BOYLSTON ST,CHESTNUT HILL,MA,024672008,42.318869649999996,-71.17524247213663,54,0
00e4cbdd-74d2-3463-a46c-055c8fa8363f,f312977e-8f41-3816-84cc-e5b12ba36955,Eldora89 Langosh790,F,GENERAL PRACTICE,1153 CENTRE ST,JAMAICA PLAIN,MA,021303446,42.3017598,-71.12855793387442,4,0
6beb41bc-edbc-3a03-9a3f-44c26d806e4a,c5403c4f-14d5-3171-9227-a9b8327f3149,Lonnie913 Ferry570,F,GENERAL PRACTICE,52 OLNEY RD,CHICOPEE,MA,010202103,42.1487691,-72.6071119,23,0
6a3f6008-e217-31d7-97cf-01e498f25001,a730c5e6-a15f-3e36-8112-8579e507d330,Althea11 Ankunding277,F,GENERAL PRACTICE,28 LORD RD,MARLBOROUGH,MA,017524549,42.34718040987546,-71.57283065352654,27,0
bb6e6e4a-122c-3ab8-a540-254cb572ad79,ce4d0501-49eb-396a-bc56-545fdfc624b0,Bea654 Daniel959,F,GENERAL PRACTICE,1 HOSPITAL RD,OAK BLUFFS,MA,025571406,41.46063105,-70.57989080295974,41,0
094ebb5c-1b07-3ed1-ad84-fa65179df535,70e943de-a18b-3e03-a204-ecca2f01b6d1,Liliana922 Wolf938,F,GENERAL PRACTICE,76 NORTH MAIN STREET,WEST BOYLSTON,MA,015831130,42.393642299999996,-71.79207534741954,60,0
2c411fa7-db4f-38a0-bdcc-8a86a4f3d69f,e69e7cbb-8362-30d1-83f2-3a0c492fe2b1,Isaac321 Kub800,M,GENERAL PRACTICE,110 LONG POND RD,PLYMOUTH,MA,023602642,41.9255829,-70.65514326847389,43,0
de20e7b8-6b58-3593-8697-f1adf10d75bc,9e469108-97a0-350a-b6ba-be2a286b3dcc,David908 Mueller846,M,GENERAL PRACTICE,150 FLANDERS RD,WESTBOROUGH,MA,015811017,42.2770724,-71.5679154706427,20,0
780e3949-9155-33af-af80-cfbad9b2e16f,afc661fd-71d9-3fc3-adf2-3fc3b5e8a140,Hyman89 Schmeler639,M,GENERAL PRACTICE,680 CENTRE ST,RAYNHAM,MA,02767,41.9487118,-71.0731008,89,0
0f0c927e-39ab-3659-9800-4ba05977a5f8,ee7fab6f-6438-394f-b1f2-3e452f8f055a,Domonique463 Satterfield305,F,GENERAL PRACTICE,75 BRIMBAL AVENUE,BEVERLY,MA,019156009,42.570099299999995,-70.87108224250409,45,0
ef5f9687-8c58-3a5c-ab65-f197f2367615,79508e39-d0b0-3613-9d54-168f6e1c3a18,Antonette454 Tromp100,F,GENERAL PRACTICE,200 GROTON ROAD,GROTON,MA,014502056,42.577352149999996,-71.57414587343038,95,0
acf0bd11-4ba0-3059-b96e-a2bc71c81749,352f2e3b-0708-3eb4-9f7e-e73a685bf379,Gregg522 Willms744,M,GENERAL PRACTICE,157 UNION ST,SOUTHBOROUGH,MA,017721215,42.3056501,-71.5245087,145,0
c7d37000-5f27-32fc-8d52-c60af8e47be7,e34d8448-8b98-3f91-9fe7-faeb8a78e1db,Gordon377 Monahan736,M,GENERAL PRACTICE,NEW ENGLAND SINAI HOSPITAL,MILTON,MA,021862377,42.2501425,-71.065573,41,0
95a80d69-812b-3cd6-a45e-cfe7fd82e2f2,a2d45ee8-b930-3169-b612-f602961ad212,Valentine262 Leannon79,M,GENERAL PRACTICE,37 MINUTEMAN WAY,SHREWSBURY,MA,015452229,42.288207,-71.73443816915585,39,0
c7e608d7-b073-3ae1-b993-0b084e72bd72,fa34d205-5ac2-3ba2-80a4-bef345dc57f5,Lamar193 Daniel959,M,GENERAL PRACTICE,37 BROADWAY,ARLINGTON,MA,024745552,42.408086,-71.135914,1,0
6f3a9315-cd97-35c9-92af-881d35f2a543,e6d63525-40f0-3391-a58a-e6a03598911f,Arron144 Kassulke119,M,GENERAL PRACTICE,400 STANLEY ST,FALL RIVER,MA,027206009,41.7148511,-71.13527009152534,39,0
98a52850-3f0b-30b0-9a88-324f1eaf59e5,d0894f6b-78d7-338d-82ad-b63de4d40014,Lynsey2 Lemke654,F,GENERAL PRACTICE,330 MOUNT AUBURN STREET,WALTHAM,MA,02452,42.3756401,-71.2358004,8,0
7ab51380-635a-33d1-9b93-ffb1dea2ec0c,310d02fb-ba0c-3b5a-9ab3-8d7bb8e7b661,Felica690 Farrell962,F,GENERAL PRACTICE,709 WASHINGTON STREET,CANTON,MA,02021,42.1561851,-71.1452049,34,0
80d56164-7b42-317b-9673-c392d6fc14c1,3d5fbf38-c781-3e04-8c7e-5a402611b7d4,Rebeca548 Padrón382,F,GENERAL PRACTICE,260 ELM ST,SOMERVILLE,MA,021442951,42.3955992,-71.1227391,124,0
74935f59-671a-37c2-bc9f-3329200ef385,f43f97f2-af04-3ed0-a42e-3681718cc9b2,Dorcas534 Quigley282,F,GENERAL PRACTICE,725 NORTH ST,PITTSFIELD,MA,012014109,42.4600752,-73.2492795834909,262,0
48a10f3b-6da6-3056-8134-b25dd3166c5a,fd5342f0-10c0-3f48-9c7e-7100a64db139,Robby860 Abshire638,M,GENERAL PRACTICE,30 PRINCETON BOULEVARD,LOWELL,MA,018512405,42.6353691,-71.3322833,7,0
15052d59-5821-3d93-b365-fdff6177bf9d,2f67494e-f17e-3248-ba68-3ca42913cca1,Majorie11 Bergstrom287,F,GENERAL PRACTICE,184 MAIN STREET,FAIRHAVEN,MA,027193259,41.646106,-70.90865208079187,5,0
d2816519-a2ec-3c45-be73-1887559a803a,88975fd9-b47e-3af6-af78-c58e1ecf0d5e,Barry322 Feil794,M,GENERAL PRACTICE,115 W SILVER ST,WESTFIELD,MA,010853628,42.1178811,-72.75935246865802,74,0
4b16929e-3135-3196-a2a8-0cd4ebd75723,52efa2e5-007f-3396-a83a-28ca015f0595,Walton167 Turner526,M,GENERAL PRACTICE,20 N PARK AVE STE 2200A,PLYMOUTH,MA,023604090,41.960434631488596,-70.67007876763536,9,0
5c658f21-2ea8-306d-8063-0efa4651cd91,19439108-9835-38fe-8ee2-1226a355cfba,Anderson154 Kunze215,M,GENERAL PRACTICE,694 WORCESTER RD,WELLESLEY,MA,024822837,42.2964859,-71.2925571,7,0
2fdbf539-9ad6-38b4-b8cd-c3073abcc039,069b90f9-309b-35e4-b990-d1dbacb962cc,Leo278 Strosin214,F,GENERAL PRACTICE,36 LOWER WESTFIELD ROAD,HOLYOKE,MA,010402749,42.16975305,-72.63488031242107,1,0
7825e749-e01c-376a-8d0b-e7869a7fc982,e5ce3b83-f5e6-308d-aa64-82539fc2d906,Kyong970 Dach178,F,GENERAL PRACTICE,1842 BEACON ST,BROOKLINE,MA,024451922,42.33728028715071,-71.14536064081996,1,0
a2592ac7-92ef-30c3-83d2-4bcaad5512ca,2c2e6afc-9578-3ba5-bb12-eed97d3a823b,Ernie189 Schroeder447,M,GENERAL PRACTICE,405 RIVER ST,MATTAPAN,MA,021262210,42.2699017,-71.09061872585616,2,0
115e9c54-7dd6-377d-aaa7-22cd6e58035c,936ceb96-2b12-371f-aa68-ee02a9c06f4c,Alan320 Keeling57,M,GENERAL PRACTICE,225 BOSTON ST,LYNN,MA,019043124,42.470497449999996,-70.96003668151566,63,0
cd9a7c85-1709-3ed8-9b14-a078162c3820,5d0d1d11-dd8a-3d28-b029-93062b6798a5,Shirley182 Flatley871,M,GENERAL PRACTICE,378 PLANTATION STREET,WORCESTER,MA,016052324,42.27966095,-71.7626143755108,2,0
86542ce6-f85d-3e46-ade5-fa2d019075c4,a855314b-4fb5-37fc-8015-5caa96c928b1,Terrence276 Kiehn525,M,GENERAL PRACTICE,759 CHESTNUT ST,SPRINGFIELD,MA,011991001,42.121522049999996,-72.60300615153007,53,0
f6a9d354-8c3d-3922-9028-33e18062f178,48a6d3ab-50ef-349e-8945-2558a78f378e,Mercy752 Kuhlman484,F,GENERAL PRACTICE,795 MIDDLE ST,SWANSEA,MA,027774114,41.730919,-71.208117,32,0
717daee2-7236-39b8-9a32-d054cf9e4ba0,d3fe08e0-6fdc-36bc-8f88-c8b7654cdcd8,Randal152 Paucek755,M,GENERAL PRACTICE,545 SW CUTOFF STE 9,WORCESTER,MA,016071766,42.211685200000005,-71.7968399931798,5,0
4e48fbc7-4ac4-334a-89cd-6428c4a688e8,7b7ce654-a413-37d1-9d34-97240c0ac580,Liberty95 Kihn564,F,GENERAL PRACTICE,1 WRENTHAM ST,BELLINGHAM,MA,020192532,42.025037350000005,-71.48945118224057,1,0
e886aec3-ffa9-3882-b298-23ca06f01c6d,95b01a7c-e16a-37d4-b354-c404baa00203,Saturnina961 Gibson10,F,GENERAL PRACTICE,290 SOUTH STREET,PITTSFIELD,MA,012016824,42.440485002637104,-73.25677853480586,7,0
51900601-08bb-3957-91e7-a1e9403e2c0f,929528f5-8239-36c7-aacb-39424ede9cc5,Carmine137 Schinner682,M,GENERAL PRACTICE,40 SUNSET AVENUE,LENOX,MA,012402018,42.35951405,-73.28778674276077,6,0
f1f6a830-0edf-3332-bc0a-3fc321b7f541,7b20d1c4-c56b-3647-801c-5e4e13679073,Mozell819 Prohaska837,F,GENERAL PRACTICE,275 SANDWICH ST,PLYMOUTH,MA,023602183,41.94186605,-70.6455366462985,110,0
1b3df2ba-778f-3bb8-8494-fa94228881ad,281525ef-5743-34a8-9339-66c8b4be6668,Dane516 Crona259,M,GENERAL PRACTICE,555 PLANTATION STREET,WORCESTER,MA,016052376,42.2907683,-71.7649752,1,0
93a46c2a-0f44-3f1a-aed3-05263a71eec2,3e97ce4f-3ad7-3cea-883f-e2bb4ca89d83,Fidel864 Swift555,M,GENERAL PRACTICE,30 NEW CROSSING RD,READING,MA,018673270,42.51809619399502,-71.0959083715027,93,0
05ef2f49-6712-3423-9306-4f3d221b184d,e982819a-87b3-3124-a0f2-85f8afcc7731,Alfred550 Goldner995,M,GENERAL PRACTICE,140 COMMONWEALTH AVE STE 202,DANVERS,MA,019233625,42.5524742,-70.94443165548033,29,0
973931fc-c58b-32b6-a1d6-2a53ef831f1e,4f59f709-8b84-3d27-a04b-c6b7b5544413,Natividad796 Davis923,F,GENERAL PRACTICE,70 BOLTWOOD WALK,AMHERST,MA,010022271,42.3768779,-72.51840280783739,31,0
e5e3acf0-4150-3b5a-8213-3d5ed120c0c3,c4e5b33c-17b8-3f51-a8ba-a327d54e642a,Kaila152 Dibbert990,F,GENERAL PRACTICE,94 N ELM ST,WESTFIELD,MA,010852917,42.1322823,-72.7436679,32,0
08917f09-3c6b-3952-9170-3cc477a29ddc,6d6ef57e-b2ce-3a69-bacf-4305c51834b0,Frankie174 Skiles927,M,GENERAL PRACTICE,186 HIGHLAND AVE,SOMERVILLE,MA,021431507,42.38845955,-71.10666839512322,3,0
df93607e-22f1-39b8-8db1-0b4274b1c182,0f2c58ec-5323-3c0f-9bdf-af0df7eb2a2b,Owen89 Boehm581,M,GENERAL PRACTICE,130 DORCHESTER STREET,SOUTH BOSTON,MA,021272642,42.3334312,-71.0494949,4,0
6703c23c-b1e1-3b98-8231-5a94c0fd85ec,c6b019eb-28ec-36f6-abf3-bcc4d1d58966,Maren639 Aufderhar910,F,GENERAL PRACTICE,33 AVON ST,WAKEFIELD,MA,018802310,42.50403445,-71.07462951514611,76,0
45771660-f908-333b-8f1a-e120efc3170f,31e00f85-6909-3d9f-afc6-5ae507ab0c06,Kyle55 Collier206,M,GENERAL PRACTICE,382 GROVE STREET,BRAINTREE,MA,021847324,42.189369400000004,-70.98451984814267,69,0
c3797a58-2fe4-324d-9e95-a97c0c490b30,06376cbe-4880-384b-b459-7ce3eef36ced,Cody889 Ratke343,F,GENERAL PRACTICE,387 QUARRY ST,FALL RIVER,MA,027231026,41.6932713,-71.1402431739568,33,0
0cf6e043-eb70-3069-9228-0e406ff93bf7,b3312a2d-37e9-35a8-b50d-6c165c437baa,Eliseo499 Reinger292,M,GENERAL PRACTICE,45 DIMOCK ST,ROXBURY,MA,021191029,42.32030665,-71.09721114916246,26,0
a71d96ef-1e86-3226-9d81-6ebf9c71ea8a,2836d9ac-c6a6-39d1-8f13-fdf0fc8928f4,Alysha630 Koch169,F,GENERAL PRACTICE,365 EAST ST,TEWKSBURY,MA,018761950,42.6069472,-71.2180803,76,0
404e0a96-07fc-37b7-b3b5-742af2d137fa,04b252db-4231-3cb5-963d-6f096fb4b97c,Horace32 Grady603,M,GENERAL PRACTICE,1177 PROVIDENCE HIGHWAY,NORWOOD,MA,020625019,42.194543,-71.1994976,24,0
1da79e4e-433e-3a8f-93c1-a5a858f8f26e,83579123-f29c-39b8-9f5f-8f79e91683c7,Hong136 Kassulke119,F,GENERAL PRACTICE,100 CENTURY DR,WORCESTER,MA,016061244,42.3138278,-71.7707002,216,0
7d9c2c3e-06b6-394e-9cf2-49b9d5d6d9d2,a94f4f6e-88ad-39ff-a935-dc87f13327b1,Fae378 Wiza601,F,GENERAL PRACTICE,370 WEST STREET,LEOMINSTER,MA,014532073,42.535877150000005,-71.77537115047085,1,0
182e8c0a-b747-3ce3-9553-4bda14402a2f,e2eab39c-5195-34aa-b35f-e89e37cfed01,January966 Roberts511,F,GENERAL PRACTICE,55 FOGG ROAD,WEYMOUTH,MA,021893141,42.175539799999996,-70.9539153674405,37,0
8a8e99f0-5816-3049-a22b-7d2cef6ac1ac,4fa8411f-42f8-3353-8947-bf15254c9dee,Jess275 Gutmann970,M,GENERAL PRACTICE,90 GREENWOOD STREET,WAKEFIELD,MA,018804039,42.476321150000004,-71.06922169005762,35,0
d90340d6-2cbe-3a54-bc35-c3995c4db538,1de7e7d9-9a7a-3a3f-bf4c-b4de450711f2,Vince741 Morissette863,M,GENERAL PRACTICE,198 LITTLETON RD,WESTFORD,MA,018863429,42.564282,-71.42620615382347,7,0
6e2320d2-d37e-3719-9bcf-a05642d5d86a,f52777bd-7313-3b27-8dd5-cd3f87bd3275,Larraine124 Torphy630,F,GENERAL PRACTICE,9 HOPE AVE,WESTWOOD,MA,020902914,42.2139873,-71.2244987,28,0
f7579988-2368-3aed-95bb-6103c39145ae,497f39dd-280e-3d58-af5b-c5e3a3a09b10,Arden380 Bergstrom287,M,GENERAL PRACTICE,27 PARK ST,HYANNIS,MA,026015230,41.65363635,-70.27352219234834,959,0
446647d8-471c-37b2-a6ce-52de9a994d20,f2a6c4f7-f5b2-361a-95c4-3d635b352a46,Adriana394 Sarabia507,F,GENERAL PRACTICE,546 SOUTH STREET EAST,RAYNHAM,MA,027671079,41.8984957,-71.03751432894776,7,0
57413f8b-23ea-349b-8274-a2f2906a3681,578b56de-fe9c-32e1-aea4-876f8bc01e9c,Agnes294 Dooley940,F,GENERAL PRACTICE,49 HILLSIDE STREET,FALL RIVER,MA,027205211,41.707406500000005,-71.14593659462452,192,0
a83a6efe-fca5-3287-a3a4-a0bd15ee2663,0d7fd824-1c7b-3f8b-a662-f6c2005e82e1,Arminda86 Trantow673,F,GENERAL PRACTICE,88 MASONIC HOME ROAD,CHARLTON,MA,015071394,42.1389039,-71.9782681,7,0
a26a022e-7936-38c5-85c9-2eec15f04459,08d21a25-abf3-32b9-817b-471143b59289,Marilynn608 Hilpert278,F,GENERAL PRACTICE,3352 BROTHERS PL SE,CHELSEA,MA,021502309,42.3917638,-71.0328284,8,0
bbcb3a13-063c-3dd6-ab88-7c8439d54e99,a525d084-5a8f-3859-a048-2130a4092ec8,Linette249 Runte676,F,GENERAL PRACTICE,2 MOUNT ROYAL AVENUE  SUITE 350,MARLBOROUGH,MA,017521976,42.34042135,-71.57841367654626,6,0
4b784361-897d-3480-829f-1a91216351e3,7445ae34-b648-3d3a-b8cf-0eb630061b6e,Pearline482 Pagac496,F,GENERAL PRACTICE,34 CEDAR ST STE 4,WEST ROXBURY,MA,021324338,42.2792649,-71.1494972,2,0
86617e9c-8ac3-38f6-9fbb-475170682267,a2df2aea-9c53-31f4-baea-02ea5ea1e553,Leon728 Lehner980,M,GENERAL PRACTICE,95 LAUREL STREET,GREENFIELD,MA,013013106,42.58163075,-72.61795013515538,10,0
acf3b443-a015-3582-8b93-d3898c951368,390a2aa4-70b4-3a64-a12f-9bd777834c8d,Sergio619 Colón139,M,GENERAL PRACTICE,710 MAIN STREET,HARWICH PORT,MA,026461931,41.669654699920855,-70.06169919459835,122,0
36c0f975-fcce-3108-a1ce-1e32232160e0,18a96051-91f4-3cba-af96-056ea14dfee0,Gaston250 Grimes165,M,GENERAL PRACTICE,25 HIGHLAND AVENUE,NEWBURYPORT,MA,019503872,42.81369325,-70.89091645747592,20,0
77793050-5187-3a2b-a7e7-591fbb1767d1,c2e93fb4-abf2-3210-b6ec-4d1ecb2b76f0,Isabel214 Alfaro627,F,GENERAL PRACTICE,62 BROWN ST,HAVERHILL,MA,01830,42.76512700000001,-71.04617174286321,21,0
7db24480-bffd-343e-b4af-207341850e6f,1ab2b5f9-cb95-3236-beec-9b9d4a407c61,Latoria810 Eichmann909,F,GENERAL PRACTICE,725 NORTH ST,PITTSFIELD,MA,012014109,42.4600752,-73.2492795834909,1759,0
960d4a9e-5488-302e-a9e1-ad346f9565b2,07ae483b-b351-3add-8b05-afba832b88ea,Lanette41 Murray856,F,GENERAL PRACTICE,5 REDLANDS ROAD,WEST ROXBURY,MA,021321506,42.2879347,-71.15108161583282,4,0
e4276815-1ad0-3d21-9408-0a63d402c7dd,41e2a44c-477c-3511-96f9-12c476aa3b6a,Antwan357 Lindgren255,M,GENERAL PRACTICE,85 E NEWTON ST,BOSTON,MA,021183553,42.336277100000004,-71.07085295687423,37,0
99fbbc5c-0b9b-3231-94c8-faa6a5ce2873,9d41e4fc-9507-3ddb-82ad-966046fca031,Cleo27 Lehner980,M,GENERAL PRACTICE,104 RANDOLPH ROAD,WORCESTER,MA,016062465,42.29955605000001,-71.79838133819244,9,0
51dcfd13-03bd-3cc4-8442-c9babbe1ead0,5b0cd0a0-f277-3a66-bee6-d64b5be4a3f5,Waldo53 Hintz995,M,GENERAL PRACTICE,725 NORTH ST,PITTSFIELD,MA,012015493,42.4600752,-73.2492795834909,269,0
bbbc7f2f-be16-3e36-b2de-f418c95d0e3c,4956f573-3dc2-3a67-9692-2f57451744e6,Kathe603 Davis923,F,GENERAL PRACTICE,400 BOLTON STREET,MARLBOROUGH,MA,017523912,42.35966285,-71.55290125539051,5,0
3ed66dde-a19c-3326-92ca-c4a873b1c82a,c0e23859-5a95-3aa0-8c3b-0143df64f507,Amalia471 Maldonado119,F,GENERAL PRACTICE,188 COMMONWEALTH RD,WAYLAND,MA,017785027,42.318727100000004,-71.36211489369597,1,0
eb18f2e3-0507-3891-ba0f-21c1cc5a6f9c,c1986c0c-f756-3596-8f90-08adacf220fe,Cristy798 Auer97,F,GENERAL PRACTICE,73 CHESTNUT STREET,SAUGUS,MA,019061605,42.4573919,-70.9918055,2,0
0e0e7cfb-82b1-333a-97ab-3f1c09fbbc6a,55938b80-634f-3332-b0e5-ee3dbe66f549,Raymond398 Schuster709,M,GENERAL PRACTICE,235 HANOVER ST STE 105,HYANNIS,MA,026012433,41.6534847,-70.2823732,39,0
8caad5c7-cd13-361c-b40a-bedf5a33e67e,ad2dab07-4f85-3950-baaa-7c7cd2aa770c,Gertrud593 Kuhic920,F,GENERAL PRACTICE,55 LAKE AVENUE NORTH,WORCESTER,MA,016550002,42.2774799,-71.76166994969458,52,0
a92e0e02-e3ec-3ef9-90f6-f8451177d25f,67d2f85b-ddc7-3ed0-b90b-6fa5b7b8358a,Marshall526 Jenkins714,M,GENERAL PRACTICE,43 FOUNDRY AVE,WALTHAM,MA,024538313,42.37050535,-71.21908334877376,23,0
a8b912de-237b-3ea9-9c40-e53e55f23457,ce89d7ed-54eb-3eae-881a-15df8e631c47,Ignacio928 Porras535,M,GENERAL PRACTICE,36 WILLIAM STREET,LEOMINSTER,MA,014533276,42.5267443,-71.7614891,33,0
5bdc50cd-0e25-3ef4-887a-14b1e904fd4d,0d9b0d22-585e-3fd8-ab02-26b5be7915d1,Jean712 Koelpin146,F,GENERAL PRACTICE,516 CAREW ST,SPRINGFIELD,MA,011042330,42.12133575,-72.59217953646302,215,0
d3dfa79d-5bbf-32a4-832d-b7362c15ae06,1853aeef-5897-326a-80d6-aa4b0459eb6d,Kendra609 Kassulke119,F,GENERAL PRACTICE,381 WICKENDEN ST,ATTLEBORO,MA,027032247,41.9438129,-71.2806515,7,0
696e8add-060d-336f-8f4c-4ed5332ce703,94dda4e1-7476-367a-b1f8-37ea7f61a1b7,Dylan44 Robel940,M,GENERAL PRACTICE,145 WARD HILL AVENUE,WESTBOROUGH,MA,015811017,42.2694308,-71.6129907,3,0
2594d58b-a510-34ac-af4a-3c053a1dcca1,c56fe86b-652f-3359-ad8e-4b8502d94cb9,Eleanore671 Erdman779,F,GENERAL PRACTICE,5060 WASHINGTON ST,WEST ROXBURY,MA,021324738,42.2649902,-71.15254191018812,1,0
bc28f79e-5f98-3b1a-affb-c77dd53c2dc8,bdaa3017-130e-34e9-b3ac-ca6d992e8b50,Jesenia223 Bednar518,F,GENERAL PRACTICE,150 WATER STREET,HAVERHILL,MA,018306213,42.77508795,-71.07182802882255,1,0
f13f7355-8e10-3e94-a3ad-34b0bca387da,22fa6d28-92b6-3446-a388-f5aba50debaf,Clarence5 Robel940,F,GENERAL PRACTICE,123 CAPTAIN'S ROW,CHELSEA,MA,021504019,42.3917638,-71.0328284,3,0
5519b531-812a-3525-9d58-69704c5dffa2,2ca615f3-87f7-3283-a447-d919a883b676,Elizbeth263 Dickinson688,F,GENERAL PRACTICE,1399 WASHINGTON ST,HANOVER,MA,023391653,42.1441354,-70.8440854,3,0
779d7a10-2c4b-34ab-bf14-ce0fb2368792,c0a33465-d309-3d2a-932e-9d554a7cc19c,Nathanael908 Rogahn59,M,GENERAL PRACTICE,100 CENTURY DR,WORCESTER,MA,016061244,42.3138278,-71.7707002,667,0
e3b04a6f-0de6-3025-be7a-b55b0d97710a,5e0ceaa0-5254-34c4-b5a7-ddc919790121,Columbus656 Goodwin327,M,GENERAL PRACTICE,HOLYOKE CARE CENTER LLC,HOLYOKE,MA,010402701,42.2071434,-72.60765,1,0
ab33e870-0ebc-3922-9e5f-53e4ea5613d7,7f32dd7d-5c35-3ddb-839b-8fbbb930d412,Tyron580 Littel644,M,GENERAL PRACTICE,863 CENTRAL STREET,FRAMINGHAM,MA,017014813,42.30758060362541,-71.42846215724606,6,0
0bac4e00-e94e-33a2-8317-eb1876324810,0a689d33-2b0d-3942-8de8-e28812e91c69,Noah480 Pagac496,M,GENERAL PRACTICE,47 SEAVERNS AVE # 5,BROOKLINE,MA,024463806,42.3317642,-71.1211635,30,0
67c8a565-8771-316a-85cd-2ec9e627ae41,cac6f8b3-eafd-31b3-9fa3-8015752ccc2c,Jessie665 Pagac496,M,GENERAL PRACTICE,123 SUMMER ST,WORCESTER,MA,016081216,42.26496835,-71.79655403681465,3,0
afdb5e1d-0c9c-33d4-ac19-63a2a1e004f1,6e517750-a29e-3170-a02b-5733ff523458,Margarita164 Abbott774,F,GENERAL PRACTICE,101 BARRY RD,WORCESTER,MA,016091275,42.3030701,-71.8333408960994,66,0
c2a6db2b-e34e-3e79-a405-7fb1d7d9cb1e,bb867d36-0c8d-33b4-b19c-a8c026655b6c,Arnoldo445 Macejkovic424,M,GENERAL PRACTICE,200 KENDALL ST,SPRINGFIELD,MA,011042532,42.12161175,-72.57784860231564,2,0
34b8e5c2-6a49-3a69-aac9-46ae303ef7ce,3f12ebb4-e03c-3453-88d2-4fc9682383df,Erwin847 Stiedemann542,M,GENERAL PRACTICE,726 COUNTY ST,NORTH DARTMOUTH,MA,027473603,41.6389926,-70.9703171,117,0
f8a92246-de18-341b-8d98-480aff9609ea,8ec2ca51-abb4-35dd-b90f-6c6aad6d2124,Oda116 Conn188,F,GENERAL PRACTICE,22 JOHNSON STREET,PEABODY,MA,019602311,42.54644385,-70.99288129112277,3,0
8ffcd80a-746c-3a96-b245-b35d4434d1ee,8af3b144-0e1a-3c90-937d-81a4ed026080,Guillermo498 Fay398,M,GENERAL PRACTICE,800 WASHINGTON STREET,NORWOOD,MA,020623489,42.1886973,-71.2005241,8,0
738a201c-7ad6-31cb-9f39-2f36e5fed208,86f41096-d81f-3e26-b770-b26adc017d3e,Floyd420 Prohaska837,M,GENERAL PRACTICE,288 WASHINGTON STREET,QUINCY,MA,021695523,42.24983615,-70.9902487341626,4,0
f129f42b-8c7a-3e1a-889a-87fe1f67df66,b3b56527-d366-3353-bca9-266a12f23051,Obdulia648 Schroeder447,F,GENERAL PRACTICE,60 QUAKER HIGHWAY,UXBRIDGE,MA,015691628,42.06100105,-71.62352848737622,2,0
2aec6aff-43bc-36d0-8cc8-c6e138abdecd,125eccb3-d003-34ea-9bd8-360dff059782,Rolande819 Gerlach374,F,GENERAL PRACTICE,125 PARKER HILL AVENUE,DEDHAM,MA,020266146,42.2489143,-71.1755732,215,0
518f9a09-cc40-311d-8d3a-e29de58ee801,fc90e623-9edb-30a7-9040-29968f8ebaa8,Arnold338 Stiedemann542,M,GENERAL PRACTICE,271 CAREW ST,SPRINGFIELD,MA,011042377,42.11597825,-72.59301656598424,56,0
5a6c1b6a-55a4-31f5-88d5-3e09e2c1fa00,52323856-2b6a-3c09-8277-7d4ff9cb325a,Vanna750 Schuster709,F,GENERAL PRACTICE,99 PARK STREET,BROOKLINE,MA,024464406,42.3398029,-71.1238599,1,0
638893ad-a1f4-39d6-95be-548d0b05a8b9,e92dad8b-f485-315a-8fc4-1d7adfdc9c00,Teodoro374 Rosas160,M,GENERAL PRACTICE,581 FAUNCE CORNER RD,DARTMOUTH,MA,027471242,41.676111381167445,-70.98788528176077,26,0
53aaa03c-878d-37ea-901b-262f3b488511,aad05540-c9cb-3805-b3c4-f9b9d9b42b2e,Arla414 Fritsch593,F,GENERAL PRACTICE,821 E MAIN ST STE 3,CHICOPEE,MA,010206306,42.155774795300516,-72.55672263289513,37,0
f71aafb2-a4c1-34c4-9455-81a2a21733d0,1aa9084e-2b86-3d6e-93ab-dbe6d4dda601,Jani266 Schultz619,F,GENERAL PRACTICE,100 OLD BILLERICA RD,BEDFORD,MA,017301267,42.499905749999996,-71.25668964877971,1,0
2de3b5cb-8e02-38df-aba9-4fb3816e4212,2e73956a-942f-36f3-b88c-f88e782e578f,Elli820 Boyle917,F,GENERAL PRACTICE,790 TURNPIKE STREET  SUITE 202,NORTH ANDOVER,MA,018456138,42.661547049999996,-71.10774565195425,5,0
9cc3ee21-555e-3e35-8d3b-799a7252ee3f,2987ddf5-7ff2-3e4a-9e25-d654a10313fd,Josefina523 O'Connell601,F,GENERAL PRACTICE,519 MAIN STREET,MEDFIELD,MA,020522522,42.186209649999995,-71.30745495273302,14,0
7792fd54-1fa0-3706-b5da-a00936a4bfda,eea92149-820f-301f-911e-b170e8312842,Marcy588 Hamill307,F,GENERAL PRACTICE,123 SUMMER STREET,WORCESTER,MA,016102177,42.26496835,-71.79655403681465,117,0
534d58a5-d303-39e8-b427-81ae26085b77,19a3afba-b409-3650-a0ab-f3faf6e391ef,Haywood675 Strosin214,M,GENERAL PRACTICE,199 REEDSDALE RD,WALTHAM,MA,024511433,42.3756401,-71.2358004,30,0
f6cf372b-8d5f-3ed2-8e0e-2dff7de8ac97,562176c7-c337-3bd1-b8f4-89853772589b,Theresa98 Schuppe920,F,GENERAL PRACTICE,877 SOUTH ST,PITTSFIELD,MA,012018243,42.417399950000004,-73.25836946569122,1,0
ea305f31-b3a7-3f73-aa36-1f8355a18855,25c85bcc-7e25-36bc-89e8-08e0d473db23,Stephen891 Okuneva707,M,GENERAL PRACTICE,138 S MAIN ST STE 14,MILFORD,MA,017573272,42.1270746,-71.51639128815474,30,0
b8e36ddf-7a8c-3e66-92bc-cbb8e5bda567,b90ee64e-4559-32db-97d7-0341740a71f1,Angelika194 Cartwright189,F,GENERAL PRACTICE,123 SUMMER ST,WORCESTER,MA,016081216,42.26496835,-71.79655403681465,71,0
2eee941c-efc4-309a-a119-b66e56b84647,eb9188f8-3f7a-3794-a349-94f88f7ff41c,Elbert916 Kuhlman484,M,GENERAL PRACTICE,119 PROVIDENCE STREET,WORCESTER,MA,016044429,42.25031935,-71.79212030621437,2,0
9d2d89d1-7ce9-3e0a-a67c-781b8e909dbd,cbebae9e-f95e-3d2c-9712-289ea8d6aeec,George991 Haley279,M,GENERAL PRACTICE,49 ROBINWOOD AVENUE,QUINCY,MA,021698130,42.2509914,-71.0037374,16,0
8ff283b1-c1aa-3a41-8ea5-9b6f24f73b29,1cec4304-9757-3a10-ad4f-7e2090c56131,Theo630 Rohan584,M,GENERAL PRACTICE,55 LAKE AVE N,WORCESTER,MA,016550002,42.2774799,-71.76166994969458,92,0
d890e633-ce5e-30a9-8b96-4c56ecbc13a9,5862e05c-9533-3f7a-8f73-215d50f5ee2f,Emilio417 Barton704,M,GENERAL PRACTICE,1200 CENTRE ST,ROSLINDALE,MA,021311000,42.29768,-71.130463,85,0
10bbaba1-8bbf-3cd3-9654-a054a41152d3,ad482681-b4c4-3fce-ac59-78c83d31b0ba,Jeanie708 Turner526,F,GENERAL PRACTICE,130 CHESTNUT ST,FRANKLIN,MA,020383903,42.08345955,-71.38413379825735,1,0
6423a1b1-fd0e-3619-89cf-a9f455fe82a2,471f7ca2-38f8-3080-8109-187c73ec0b1f,Collin529 Johnson679,M,GENERAL PRACTICE,27 CONGRESS ST,SALEM,MA,019707308,42.518722068313224,-70.88940635956651,29,0
fec7d475-4b8e-356e-85a8-61cc384ef945,a5577e5c-b886-37a0-8eee-8ff6feb7ea6b,Leopoldo762 Keebler762,M,GENERAL PRACTICE,330 MOUNT AUBURN ST,CAMBRIDGE,MA,021385502,42.3741033,-71.13417575971958,74,0
6237f195-dab0-3c60-b261-adfb77e97689,ce9c1582-994d-32bf-835c-474a249d2804,Clifton91 Veum823,M,GENERAL PRACTICE,275 MARTINE STREET  SUITE 104,FALL RIVER,MA,027231500,41.68393816525316,-71.1220830626733,7,0
978c219f-d079-3011-8bd1-f33fc6b1c367,9485907a-9f9c-3c19-a424-b402ee8f99c2,Tynisha348 Bogisich202,F,GENERAL PRACTICE,101 PLANTATION STREET,WORCESTER,MA,016043025,42.258026400000006,-71.78384882397785,4,0
e5a7ef5f-7939-3f2b-bf1c-e564241e9453,e7722de2-0e62-3dc9-a163-a7003956673b,Weldon459 Lockman863,M,GENERAL PRACTICE,1 EDGEWATER DRIVE  SUITE 103,NORWOOD,MA,020624669,42.16153305,-71.20162617190071,6,0
3b271085-d3d7-3456-9398-09cc2bfe8707,c630c98b-cbfb-3260-a984-4bbf511de98d,Selma398 Beier427,F,GENERAL PRACTICE,135 S HUNTINGTON AVE,BOSTON,MA,021304885,42.328899,-71.110855,1,0
f4f95331-b6c2-35d6-b305-f7c5ed8b0304,62b55e5b-b58f-354d-8f2d-f2a330bc619e,Paz9 Gerlach374,F,GENERAL PRACTICE,201 HIGHLAND ST,CLINTON,MA,015101037,42.42738865,-71.69329092351188,685,0
b50d17f4-7563-3a28-9fcd-5a21665d09e6,966245ce-e84d-36b0-a838-2e0b5bb2e668,Refugio197 Crooks415,M,GENERAL PRACTICE,1425 BLUE HILL AVENUE,MATTAPAN,MA,021262122,42.2754929,-71.09384131587021,8,0
c1b769e6-a57b-3685-8770-7eb4cedf63e0,b9a91cbd-3263-31d9-9cff-55873cf8b2e2,Danita413 Becker968,F,GENERAL PRACTICE,25 Bond Street,Springfield,MA,01104,42.110065,-72.60007,436,0
f19bdf41-b3a9-3a64-b9f0-c5839ae2d8a1,4eddfa13-f996-3048-9bbc-541b0a29038a,Vince741 Schmidt332,M,GENERAL PRACTICE,736 CAMBRIDGE ST,BRIGHTON,MA,021353601,42.348649949999995,-71.14799584850206,34,0
29e4d727-92bc-3ec6-819b-e1da764bdaf2,845fbd9b-2d1c-39a8-8261-28ae40e4fab2,Bennett146 Rippin620,M,GENERAL PRACTICE,14 PROSPECT STREET,UPTON,MA,015681431,42.1700209025178,-71.59409308099494,22,0
2019d91d-2e48-32ac-8e69-ce2c708560e2,bac9dc0c-cb0f-3fa6-aa12-819dd0fb922a,Nicholas495 Greenfelder433,M,GENERAL PRACTICE,1493 CAMBRIDGE ST,SOMERVILLE,MA,021452935,42.3875968,-71.0994968,115,0
45514303-03fe-30a1-baec-8dbe3aa5d950,84d5768f-3a21-3da9-aad2-bbf7a3ae2700,Elba502 Schneider199,F,GENERAL PRACTICE,817 MERRIMACK ST,LOWELL,MA,018543548,42.650296999999995,-71.32263756223612,36,0
83dc40c9-3613-3528-85fa-f7d72b9ecb5a,9ce6072b-d039-3cde-8eaf-950211b8ae88,Terrie907 Ratke343,F,GENERAL PRACTICE,147 S MAIN ST,MIDDLETON,MA,019492446,42.585787222720036,-71.00861442427218,39,0
7f9c8f3a-73d8-38b9-8dc4-577a5ea727b7,af8566eb-8918-3ec7-ba44-92b6a2cf8097,Madelaine318 Walker122,F,GENERAL PRACTICE,81 HIGHLAND AVE,SALEM,MA,019702714,42.5112107,-70.90516241826194,187,0
9fbdf4d5-ea3c-3974-8c78-1d672139bd61,ecd3b321-0a8a-3ce6-81f0-982dd77fce43,Tracie996 Lesch175,F,GENERAL PRACTICE,25 HIGHLAND AVE,NEWBURYPORT,MA,019503867,42.81369325,-70.89091645747592,102,0
560edc1d-5c89-3a59-bbbf-f4a25e689f2a,4f5e8f16-a31b-3071-8556-d7188ede313d,Kala987 Wolf938,F,GENERAL PRACTICE,575 BEECH ST,HOLYOKE,MA,010402223,42.20105435,-72.628169560868,357,0
1d6f357c-cf54-366e-8f69-8c6acf3e8d65,9a20d707-68e4-32c0-b2b2-2f5d5c2012cd,Gerard367 Pouros728,M,GENERAL PRACTICE,131 CAMBRIDGE ST STE 1,BURLINGTON,MA,018033711,42.50284395,-71.19574553661971,22,0
8b61a0b2-c1e4-38ec-b664-626da95eef4c,a25107f7-f4f5-36fc-98e4-f3e1b5875c91,Yesenia104 Wilderman619,F,GENERAL PRACTICE,1285 BEACON ST,WOBURN,MA,018012157,42.4979478,-71.1684508,11,0
8983f446-a4f8-393f-9712-e162e384c15b,0e6c3ad1-24c1-34cb-bb6d-e8438fa319e2,Eufemia350 Casper496,F,GENERAL PRACTICE,50 DODGE ST,SWAMPSCOTT,MA,019071300,42.4699241,-70.9171507,4,0
b66990c0-6d1d-3f72-85d6-4c02d1a8c39f,3695125c-c052-3ece-898a-2a6448987ae5,Sean831 DuBuque211,M,GENERAL PRACTICE,2040 BOSTON RD STE 5,WILBRAHAM,MA,010951380,42.150295650000004,-72.47288272264812,58,0
ffe3f627-9843-3e5f-bdce-3ee66259d8f0,45db4ed7-a93e-3946-9c31-b567ca373de6,Bell723 Toy286,F,GENERAL PRACTICE,7 Drydock Ave  Suite 2070,Boston,MA,02210,42.34461,-71.03728,78,0
8706e9a0-79c1-31a4-acf4-d09b377576ac,bdd9ad72-443a-3563-a626-4c45f6d058b2,Zachary28 Bogan287,M,GENERAL PRACTICE,147 PELHAM STREET,WORCESTER,MA,016072105,42.265209,-71.814005,9,0
d5105acb-9a39-3b0c-8f39-d57ab2754405,05fcf001-ab24-3d7d-85f7-f64942d82738,Leonarda398 Schumm995,F,GENERAL PRACTICE,250 POND STREET,FRAMINGHAM,MA,017014592,42.2838619,-71.4093719,126,0
b3aff2a2-40c6-3db2-8732-6686ffd4eb15,7e6db51f-7c1b-3555-9e1c-6269ba6d704d,Jacque955 Streich926,F,GENERAL PRACTICE,120 STAFFORD STREET SUITE 206,WORCESTER,MA,016031461,42.239638,-71.8443785891577,3,0
ca335cf1-448f-3be0-b443-d0928aa81c4f,e7b77e8f-b607-3273-aef9-ad1bca48813f,Ivonne773 Turcotte120,F,GENERAL PRACTICE,209 W CENTRAL ST STE 216,NATICK,MA,017603716,42.28202598359604,-71.3899479380402,115,0
f7d3054f-9eb0-3fe6-8146-7c9dfe6d7504,0e3a24c3-b772-3059-b3fd-8a4710068a82,Malka46 Gerhold939,F,GENERAL PRACTICE,416 BROADWAY,RAYNHAM,MA,027671737,41.940680799999996,-71.07864352196617,30,0
391b3fb0-0832-3571-8d30-72fd35a53436,28d71598-85eb-3a0e-90c1-22e0be1af57c,Jodie811 Hermann103,F,GENERAL PRACTICE,38 MULBERRY ST STE 204,NORTHAMPTON,MA,010602832,42.35436315,-72.70256804599192,45,0
ff217ef0-67fe-3878-89bb-247683f05ed9,40d5ac54-6e92-353d-8bce-63afb7e8fb0b,Murray856 Jacobs452,M,GENERAL PRACTICE,1325 SPRINGFIELD STREET STE 12,PITTSFIELD,MA,012016187,42.451302,-73.260018,3,0
13431f49-8e39-32b0-b8db-734800ead611,c217aecf-c449-347c-b150-5c51f365c961,Donovan745 Langosh790,M,GENERAL PRACTICE,282 CABOT ST,HOLYOKE,MA,010403141,42.207214896551726,-72.62053189655173,1,0
3adbdc22-afd9-381a-85b8-3bc0469d7a29,e5d50afe-8c7d-35f5-96f5-fb8941403b0f,Justin359 Hayes766,M,GENERAL PRACTICE,125 S CLARK ST STE 900,FALL RIVER,MA,02722,41.74223,-71.129706,58,0
54c1f1eb-52c8-3c41-a7d3-1875d07dc34c,9adfae03-673d-365d-9052-f705098fa3e4,Sharilyn202 Wolff180,F,GENERAL PRACTICE,51 BLOSSOM ST,BOSTON,MA,021142699,42.36305545,-71.06643399281765,972,0
eeb36e39-0a94-3e0b-8940-89e9ba4b2484,48a07866-e8d7-3268-aa3c-ca3237c8e6f3,Devona405 Stamm704,F,GENERAL PRACTICE,188 PROVIDENCE ST,HYDE PARK,MA,021361861,42.2682551,-71.12174592925336,91,0
a07b39e8-7d68-3e45-a8bd-9dd3d31b6fdc,89171335-b9c0-3326-98d6-a837d432b9fd,Lorette239 Hauck852,F,GENERAL PRACTICE,150 FLANDERS ROAD,LYNN,MA,019042915,42.466763,-70.9494939,35,0
feaa3bd6-08dc-38cc-acbe-118b1a1f6aad,7cd7fc5c-3fa7-3b6e-b3c9-0dbaec2a3470,Clay913 Roberts511,M,GENERAL PRACTICE,505 FRONT STREET,CHICOPEE,MA,010133140,42.14871685,-72.59756969862315,74,0
c96dbc38-5fee-358f-8731-106fb29f8c51,01bde980-bf89-3138-8912-7360dff33247,Bradly656 Lang846,M,GENERAL PRACTICE,456 PARK AVE,WORCESTER,MA,016101254,42.25512735,-71.82580924803523,7,0
a49d4a00-cd88-3b70-b71e-308e0786c2e0,217cb6f6-e822-3831-9d9d-ffa104971042,Cira533 Jakubowski832,F,GENERAL PRACTICE,2 REHABILITATION WAY,WOBURN,MA,018016003,42.46352265,-71.161925472006,135,0
57b240c7-d928-3efd-98e5-faa341a1a0d1,e2a8b444-9b8f-36ff-84c4-05ee98589482,Samuel331 Valdés907,M,GENERAL PRACTICE,8 SHIPWAY PL # C-8,CHARLESTOWN,MA,021294301,42.3778749,-71.0619957,244,0
6e52ac43-1da9-3cdc-b577-5d825e1cfdae,65dac97b-bb0c-38ae-94bc-bf29ac9687ea,Sebastian508 Rowe323,M,GENERAL PRACTICE,265 MAIN STREET,DALTON,MA,012261614,42.472932099999994,-73.17745071097283,80,0
def40efa-838f-3c28-852d-687ab2bfe6b3,71f4c23f-7559-31ff-8f42-a672e80b85a2,Sallie654 Jast432,F,GENERAL PRACTICE,300 FIRST AVENUE,WESTBOROUGH,MA,015812831,42.2694308,-71.6129907,3,0
567dce24-5c0d-3805-a240-5b245fe6688e,18d2c9c2-4b92-3664-9b8e-419aff3ce942,Raymon366 Block661,M,GENERAL PRACTICE,175 GROVE STREET,BRAINTREE,MA,021847253,42.19127375,-70.99279579751581,9,0
ed858a43-e9a0-377f-b70f-f52912d6f5b6,121b0ad1-1beb-3caa-9271-3d3f726bb727,Cortez851 Price929,M,GENERAL PRACTICE,1030 MAIN STREET,WALTHAM,MA,024517447,42.375828,-71.2527956,33,0
c528e388-22ff-3e17-a296-0fa3ff664509,883f57b8-89c6-3dc4-b6da-047705c88623,Blanche121 Bailey598,F,GENERAL PRACTICE,363 HIGHLAND AVE,FALL RIVER,MA,027203703,41.7093779,-71.1460783680883,79,0
764a98be-4e09-3e44-9cba-94e7c8fa9e8d,4f029aea-a3f7-3429-a477-45cfe183c3f9,Curtis94 Lesch175,M,GENERAL PRACTICE,1675 NORTH MAIN STREET,LANCASTER,MA,015232405,42.4761132,-71.6873032,5,0
ef9f7b2b-fda8-3f65-9ab2-60768e07fcd4,f6ba791e-fe68-3596-bef4-60751db6a60e,Cleo27 Crooks415,M,GENERAL PRACTICE,37 BIRCH STREET,MILFORD,MA,017575501,42.1424349,-71.48943173357203,2,0
affa4afa-898f-3dbc-9f5d-8d509c4568f5,b954c464-11ea-312b-a3f8-1350775bfa54,Elisa944 Alemán808,F,GENERAL PRACTICE,123 CAPTAIN'S ROW,CHELSEA,MA,021504019,42.3917638,-71.0328284,7,0
3850eac3-2525-3031-abf0-2c512e83746e,7cb70963-6f86-3eab-a12b-88deb31de793,Katelynn452 Ledner144,F,GENERAL PRACTICE,18 DANA HILL ROAD,STERLING,MA,015642414,42.4106904,-71.7976286731579,35,0
b9e081e1-7232-30ce-b209-5f5d198462e1,485ae27b-c5ba-3fd0-9a16-c9eea20be185,Alejandro916 Kris249,M,GENERAL PRACTICE,275 MARTINE STREET  SUITE 202,FALL RIVER,MA,027231518,41.68393816525316,-71.1220830626733,10,0
305912e8-4929-3b6f-ab35-211e120617fd,da2e8443-a0d6-3e87-b651-e2697615f4b5,Luis923 Bergstrom287,M,GENERAL PRACTICE,2000 WASHINGTON ST,NEWTON,MA,024621624,42.332192250000006,-71.24597794166553,40,0
2014f0f1-8d3e-3554-bdb6-060bfc26898a,47602b5b-f4aa-3c73-aa26-2268ccf7a83c,Christopher407 Fisher429,M,GENERAL PRACTICE,90 LINDALL STREET,DANVERS,MA,019232125,42.574712149999996,-70.94359556912616,4,0
3d2ce73d-70a9-3702-8bea-b2e48d466d20,6d16a8e3-3569-38ab-afac-a2f8c1125085,Miguelina323 Crona259,F,GENERAL PRACTICE,1010 WALTHAM STREET,LEXINGTON,MA,024218052,42.4139392,-71.22929265883278,2,0
ede52be1-1bae-3b16-94ae-0a6c41c912be,486bf543-9696-3d51-aa70-28a3044ce490,Ping698 Weissnat378,F,GENERAL PRACTICE,777 NORTH STREET,PITTSFIELD,MA,012014147,42.46054825,-73.24880457390918,119,0
d07f1243-757a-3935-8c3d-dcc9e56820a6,53f086de-2fc7-3d35-92c2-aca4ed944e7f,Carisa395 Kutch271,F,GENERAL PRACTICE,1 GENERAL ST,LAWRENCE,MA,018412961,42.7097143,-71.15007700778098,82,0
fe9d247e-79b4-332e-b120-c281c186ee72,20f63278-6709-3195-b767-782d2a10bd5c,Jamie386 Krajcik437,M,GENERAL PRACTICE,640 CONCORD AVENUE,CAMBRIDGE,MA,021381116,42.389222000000004,-71.14799280677965,8,0
1e986de8-f1bd-375c-aa2b-15f635209ce9,c709c5eb-ddd7-3778-84f7-0931a4d1c718,Jim478 Goyette777,M,GENERAL PRACTICE,1200 CENTRE ST,ROSLINDALE,MA,021311000,42.29768,-71.130463,8,0
f46516f5-2865-3bc0-862d-c1f6dc435909,0e061004-bcc0-3e99-a237-d700823e817b,Kizzie166 Lehner980,F,GENERAL PRACTICE,570 BALDWINVILLE RD,BALDWINVILLE,MA,014361351,42.5953045,-72.07447782689232,33,0
8d6b422a-753b-337c-afb0-004d8f6d20be,de3cc142-803a-3ed4-8945-75ec88a84784,Brittni468 Trantow673,F,GENERAL PRACTICE,51 HOSPITAL ROAD,BALDWINVILLE,MA,014361215,42.6108483,-72.0608364,29,0
0cb1ff7e-b108-3dd8-864b-1e6edb25cc3a,0592d4e5-a0fb-3143-83cd-8e5a6b066a96,Mica978 Lemke654,F,GENERAL PRACTICE,20 EAST ST,HANOVER,MA,023391638,42.1278249,-70.82664947485381,29,0
6a2e61fa-a7f8-37dc-ba22-e49a8cfdce24,c67ca7ed-4769-3b6c-a0a9-993f1227ff10,Allen322 Veum823,M,GENERAL PRACTICE,1 BLACKBURN DR,GLOUCESTER,MA,019302237,42.6269312,-70.65555242413386,41,0
ede90281-c901-3b82-8085-cb128a1b9310,d4af6090-2df1-3b53-b5be-cf2b96b8f833,Leatha675 Medhurst46,F,GENERAL PRACTICE,1 ARSENAL MARKET PL,WAYLAND,MA,017783514,42.3632063,-71.3606721,27,0
f8504fc5-6872-3d2c-bd77-ee058f54bc23,ba07b31b-bf14-39b8-be95-4c5ca5062daa,Hermelinda327 Hyatt152,F,GENERAL PRACTICE,1575 CAMBRIDGE ST,CAMBRIDGE,MA,021384308,42.375209549999994,-71.10711344152975,72,0
5866c770-8d3a-3b03-8bb6-50314181a936,6aae7a31-90df-3455-ad8d-81f8cf2d21e8,Damaris45 Funk324,F,GENERAL PRACTICE,680 CENTRE ST,BROCKTON,MA,023023308,42.0872752,-70.9910738855076,113,0
